year,team,matches_played,goals_for,goals_against,avg_possession_pct,avg_xg_for,avg_xg_against,avg_shots_on_target,avg_pass_completion_pct,avg_ppda,avg_high_pressures,round_reached,star_goals_plus_assists,star_key_passes_per90,star_xg_plus_xa,star_duel_win_pct,fifa_points_pre,fifa_points_trend_12m,weighted_form_score,weighted_goal_diff
2018,Argentina,4,6,9,54.72515498174896,1.398923874425,1.451801689875,4.5,82.15617769204145,1.299573717220776,43.5,1,0.6,0.5886145474075694,0.94365303634,77.55555555555556,1241.0,-385.0,1.635,0.06360000000000009
2018,Australia,3,2,5,51.307808074236185,1.340497526,0.9707923085333334,3.0,81.66577818539643,1.8217910033002325,33.666666666666664,0,0.0,1.5036509287950193,0.2857834248,63.33333333333333,718.0,37.0,0.9101999999999999,-0.3955333333333334
2018,Belgium,7,16,6,50.679448431942504,1.8177751842142855,1.3334611341857143,5.428571428571429,84.45938368974628,1.6603076993984873,38.714285714285715,3,2.8,1.6848172252162734,2.4950215720999998,65.0,1298.0,6.0,1.4454,0.9419333333333332
2018,Brazil,5,8,3,53.4865827553474,2.4624757417399996,0.51343509606,8.2,84.9621246487718,1.4445450914227151,34.0,2,1.2,0.9397640347133361,1.6909320367,78.0952380952381,1431.0,-284.0,2.3125333333333336,1.4912
2018,Colombia,4,6,3,49.5512782363647,1.8066777179500002,2.4893816799999997,4.25,76.57739967091115,1.5518722344677918,26.25,1,1.6,0.8570421027509212,0.96697181174,76.0,986.0,-380.0,1.2342,0.1882666666666667
2018,Costa Rica,3,2,5,47.368803759559775,0.7769759412333334,2.1028703514,3.6666666666666665,75.08214520842778,2.8477318007662835,22.0,0,0.0,0.3850633397734282,0.26007425714,68.57142857142857,884.0,-29.0,0.9533333333333334,-0.47193333333333326
2018,Croatia,7,14,9,51.51244942767449,2.7824889686,2.1943040038857147,6.142857142857143,77.95750122544689,1.682178717150276,38.142857142857146,4,3.4,0.824408141895671,3.2190549939999995,66.65934065934066,945.0,-88.0,1.2210666666666665,0.007266666666666717
2018,Denmark,4,3,2,48.33633376803974,1.72224131295,2.461111544,4.25,75.89187424084173,1.9172709190281754,28.0,1,0.2,0.3109383215637793,0.26190294596,56.25,1051.0,391.0,1.5016,0.8784
2018,Egypt,3,2,6,46.318670846972736,0.995244216,1.8225949553333336,2.0,74.92418938164545,1.676048332109638,26.333333333333332,0,0.4,0.7607090790254288,0.7987902372,73.14285714285714,649.0,-254.0,0.5370666666666667,-0.3488666666666667
2018,England,7,12,8,52.55563125870896,2.256786244042857,1.7194058621142858,4.428571428571429,82.8312265764646,2.0988850581464304,49.714285714285715,3,1.0,1.0001560564454044,1.297564459,61.958874458874455,1051.0,-68.0,1.3423333333333334,0.21913333333333332
2018,France,7,14,6,49.90971034254432,1.2569396395285715,0.8473030129285715,4.285714285714286,78.94364887073333,1.73296038266477,33.142857142857146,5,2.2,0.758789279169784,1.6540804032,78.47222222222221,1198.0,-134.0,1.6058000000000001,0.7611333333333334
2018,Germany,3,2,4,57.01952743541412,2.1079147477333335,1.1943619146666666,7.0,85.44900484691085,1.1465648812046159,43.333333333333336,0,0.2,1.648183630182435,0.8016305099400001,84.92063492063492,1558.0,47.0,1.7062,0.7674666666666666
2018,Iceland,3,2,5,47.061402282168764,1.572324454333333,1.3555354572333334,4.0,64.97037548766355,1.5229347261078157,34.333333333333336,0,0.4,1.054124194065835,1.1482219334,54.28571428571429,908.0,31.0,0.8699999999999999,0.0328666666666667
2018,Iran,3,2,2,46.02747851531495,0.9003282392333333,1.5928557449333336,1.3333333333333333,59.557691408209315,1.775098613875986,19.333333333333332,0,0.0,0.46341872686589075,0.24470819113999998,54.095238095238095,708.0,-121.0,1.1819333333333333,0.3766
2018,Japan,4,6,7,47.684055256467,1.221816496675,1.660766523125,4.25,81.12865914603503,1.6556777317858322,28.5,1,1.6,1.161094970314002,1.0568991496,40.0,521.0,-168.0,0.8472666666666666,-0.4017333333333333
2018,Mexico,4,3,6,51.0597694419769,1.266085958675,2.30799004605,3.25,80.82475862331506,1.3071624721672714,25.25,1,0.2,0.962345294320914,0.9089235922799999,78.0,989.0,-61.0,1.4699333333333333,0.3758666666666667
2018,Morocco,3,2,4,47.61096395851387,1.1953528583333333,1.3956784069000001,3.6666666666666665,76.26537726469313,1.3367522812915305,28.666666666666668,0,0.2,0.9200397836994544,0.7481680049,57.222222222222214,686.0,55.0,1.4005333333333334,0.7376666666666666
2018,Nigeria,3,3,4,49.10109048040082,1.1266087015666668,1.3657294866666667,3.3333333333333335,72.78268282738426,1.3803353304182695,27.333333333333332,0,0.6,0.7983015750154212,0.5009265808800001,66.0,618.0,-112.0,1.2210666666666667,0.2657333333333332
2018,Panama,3,2,11,45.638750467699204,0.7987297727666668,2.41094373,2.6666666666666665,77.79945890504014,2.1993395865837075,29.666666666666668,0,0.0,0.33226672833024506,0.30811669185999996,77.77777777777777,571.0,-55.0,0.7596666666666666,-0.557
2018,Peru,3,2,2,48.0671484338203,0.9626581715333334,1.537752273,4.0,79.48349606816883,1.5348140560004966,17.666666666666668,0,0.2,1.185923730308971,0.53236313792,41.33333333333333,1125.0,17.0,1.7311333333333332,0.7778000000000002
2018,Poland,3,2,5,54.15517637313787,1.065745091,1.2351076566,2.3333333333333335,79.48211339243403,1.9056535778123738,34.666666666666664,0,0.4,1.0015240687646865,0.54556625,56.666666666666664,1183.0,-15.0,1.0960666666666667,0.4049333333333333
2018,Portugal,4,6,6,53.245739404238094,1.209394146225,1.2922567722499998,3.25,79.86441980375386,1.4755134228640077,28.0,1,0.8,0.8930719605656018,0.8737836417599999,36.507936507936506,1274.0,7.0,1.5252000000000003,0.5902666666666667
2018,Russia,5,11,7,47.255432154165895,2.3943604402,3.07109668256,5.4,68.97907760597673,2.0699607179886406,32.8,2,3.0,0.7376296448352773,1.4141348494,65.6926406926407,457.0,-104.0,0.7342000000000001,-0.6018666666666667
2018,Saudi Arabia,3,2,7,52.775076184918625,1.0227026027666666,1.337571271,3.0,84.30128652833014,1.4557130989151936,29.333333333333332,0,0.6,1.3170684608269656,0.6317489701200001,65.0,465.0,-171.0,0.35100000000000003,-1.1588666666666667
2018,Senegal,3,4,4,46.2695635287839,1.2222933336666668,0.76979275,3.6666666666666665,72.97155166497707,1.76,32.0,0,0.4,0.8988428066781624,0.827812242,60.0,838.0,-1.0,0.9714666666666667,0.34893333333333326
2018,Serbia,3,2,4,49.1135443829898,1.3647912476666668,1.1910465317333332,2.0,75.83126702488438,1.544858329845668,51.666666666666664,0,0.4,0.825581737956402,0.9987380513999999,62.93650793650794,751.0,85.0,0.9835999999999999,0.22746666666666665
2018,South Korea,3,3,3,45.78801843317973,1.0035985183333331,2.199692246,3.6666666666666665,74.73230710141705,1.4821363925687232,27.333333333333332,0,0.6,0.712274623238794,0.6104762403999999,51.42857142857142,544.0,-159.0,0.9125333333333333,-0.07066666666666664
2018,Spain,4,7,6,54.06996148908858,2.9552493269999998,1.86831062725,6.5,89.49256385494003,1.3006156939488906,48.75,1,1.4,1.6399774004595407,1.8969864750999998,82.5,1126.0,-72.0,1.9291333333333331,1.5310666666666668
2018,Sweden,5,6,4,46.17391780503216,1.4730861232,0.92687688384,4.2,69.38062719386798,1.5182739388772637,30.6,2,0.6,0.5003527987427244,1.1281056563,69.33333333333333,880.0,87.0,1.3854666666666666,0.3534666666666667
2018,Switzerland,4,5,5,50.257615858802595,0.9455206602499999,1.3766884419999998,3.75,82.71256199242904,1.316766072649567,39.75,1,0.6,0.6935114912293942,0.4470498963599999,55.76923076923076,1199.0,-64.0,1.2285333333333333,0.6244666666666666
2018,Tunisia,3,5,8,49.40879741727199,1.6620954328666666,2.8845558454999995,4.0,80.64829517525057,1.2422196222416366,47.666666666666664,0,1.2,0.8397682840248175,1.18608397908,68.33333333333333,910.0,205.0,1.2560666666666667,0.1848
2018,Uruguay,5,7,3,49.60091294622532,1.47999793456,0.47050370082,4.2,75.22521795969925,1.530133439651766,31.2,2,1.4,0.5232940748890718,1.2304462072,79.375,1018.0,-81.0,1.0844666666666667,-0.5160666666666667
2022,Argentina,7,15,8,51.666605821952814,2.998348988,1.612467968,8.142857142857142,84.87201398570372,2.059000673812396,31.571428571428573,5,3.6,0.8612930276951836,2.9243481636000004,63.69930069930071,1773.88,23.37000000000012,3.8334573333333335,3.0067853333333336
2022,Australia,4,4,6,46.79381429249725,0.39454287642499997,1.610350017,2.25,73.41882680104295,3.1019449960516536,31.5,1,1.0,0.5086631568006712,0.4281962244,72.08333333333333,1488.72,3.839999999999918,2.3133613333333334,0.7929539999999998
2022,Belgium,3,1,2,50.216704900441904,1.2314976759333334,1.4107809273333336,3.6666666666666665,85.52163382441324,2.5032015366666225,18.666666666666668,0,0.2,0.6802470817625295,0.36490143812,51.785714285714285,1816.71,-11.740000000000009,2.313917333333334,0.7725306666666665
2022,Brazil,5,8,3,52.06927425464833,2.7273185962400004,0.9894066304799999,9.8,86.81281751426853,2.837144186846272,35.8,2,1.0,0.9266312756862186,1.5805576470000002,64.33333333333333,1841.3,14.950000000000045,3.9362440000000003,3.275605333333334
2022,Cameroon,3,4,4,48.54968847364584,1.0222478167333333,1.8476102276666666,5.333333333333333,76.23376291483731,2.4626703159343704,32.666666666666664,0,0.2,0.7283291279966152,0.36849118370000006,65.0,1471.44,34.090000000000146,2.0803306666666668,0.38798533333333335
2022,Canada,3,2,7,51.80700481124088,1.309541843,1.2355519206666667,2.0,83.85320499595991,2.7913309558402677,40.0,0,0.4,0.6293049924981666,0.7648414922000001,65.0,1475.0,12.680000000000064,2.9813680000000002,1.572643333333333
2022,Costa Rica,3,3,11,47.571199491590555,0.41137081699999994,2.6171877883333337,2.0,74.77009898737059,3.0803310364418706,14.333333333333334,0,0.4,0.19668376858937114,0.16660627320000002,63.76190476190476,1503.59,66.15999999999985,2.9399566666666668,0.7963866666666667
2022,Croatia,7,8,7,51.656441130652574,1.8813860569857144,2.1486288517571426,4.857142857142857,84.03234886688435,2.451716104640888,34.714285714285715,3,1.6,0.6865695944874326,1.53641551512,55.64801864801865,1645.64,24.90000000000009,3.4880440000000004,1.5245206666666669
2022,Denmark,3,1,3,50.73616790493194,1.064085744,1.154409308,4.333333333333333,83.73590888210771,2.1916623286482735,37.0,0,0.0,0.6258310951046746,0.257923072,60.025252525252526,1666.57,12.029999999999973,3.1150599999999997,1.5346206666666666
2022,Ecuador,3,4,3,50.49405122000403,1.2689094634666667,0.7053725618333333,4.0,79.54141785382883,1.9803538630489097,34.333333333333336,0,1.0,0.43341447950017364,0.74753878208,81.11111111111111,1464.39,15.650000000000091,2.371325333333333,0.3879933333333333
2022,England,5,13,4,52.270800606613456,1.7471712398,0.79802471314,6.2,86.2852241949805,2.3070340798399442,29.0,2,2.0,0.48150557375576764,1.2977279984,67.42857142857142,1728.47,-27.049999999999955,2.2015613333333333,1.6991780000000003
2022,France,7,16,8,51.003408403404386,2.136551169,1.7969902692857145,5.571428571428571,83.27700406526596,2.5128318056935877,25.714285714285715,4,1.4,0.5660403410639031,1.474761446,53.333333333333336,1759.78,-26.37000000000012,2.6654619999999998,1.4941293333333334
2022,Germany,3,6,5,52.07134241203824,2.7436926439,0.9745014548333333,9.666666666666666,84.43457954905877,2.6982518685305066,56.0,0,0.8,1.407466715810243,1.22139966254,66.11111111111111,1650.21,1.8800000000001091,2.9562566666666665,2.644710666666667
2022,Ghana,3,5,7,49.18588740994136,1.1177510928999999,1.7004082195333332,3.3333333333333335,79.02987202359132,2.1005468939390206,24.333333333333332,0,0.6,0.2683676606470546,0.49766711179999995,71.0,1393.0,-35.97000000000003,1.590514,-0.5360193333333333
2022,Iran,3,4,7,46.28322139220118,1.2768021627666668,1.2574825123333333,4.0,68.86153017430019,2.470474910973495,31.333333333333332,0,0.8,0.5477276485943228,0.5465512414,50.71428571428571,1564.61,7.029999999999973,2.8372806666666666,0.8086973333333334
2022,Japan,4,5,4,46.63064681813436,1.8458926285000001,1.9533743797499998,4.5,75.78528340282753,2.848883872024262,39.5,1,0.4,0.41302541355331607,0.3497950978,63.80952380952381,1559.54,28.00999999999999,2.7032760000000007,1.6038606666666664
2022,Mexico,3,2,3,49.76495726495727,1.019216637,0.8464138363333333,5.0,76.99001452063557,1.5801103652653599,25.666666666666668,0,0.2,0.9928525116980647,0.6356339401000001,59.35930735930735,1644.89,6.130000000000109,2.2772360000000003,0.5019413333333335
2022,Morocco,7,6,5,45.74011881859993,1.2397671345714285,1.2899171850285713,3.0,78.93706259796832,2.613041005403171,28.428571428571427,3,0.8,0.43026853369210627,0.7525830359999999,57.87020202020202,1563.5,38.0,2.61612,0.885898
2022,Netherlands,5,10,4,48.57570399650145,1.782257408,1.9990116523,4.4,82.20384951438716,2.049725796437283,32.8,2,1.8,0.5883423470425834,0.89783338,70.75320512820512,1694.51,40.77999999999997,3.656158,2.5929386666666665
2022,Poland,4,3,5,49.382304494470155,1.1658052705,1.6760364018500002,2.25,77.70669217271369,3.0016528041072217,23.0,1,0.8,0.5982836673008426,0.9879531079999999,54.28571428571429,1548.59,17.970000000000027,2.3794120000000003,0.3561493333333334
2022,Portugal,5,12,6,53.08720016905469,1.4625420856600002,1.12790738094,5.6,84.7611083251447,2.495318006206908,36.2,2,1.8,0.7467579847804441,1.19752448146,85.11904761904762,1676.56,16.309999999999945,3.0671806666666663,2.6212220000000004
2022,Qatar,3,1,7,51.64920856610801,0.4693305661666667,1.2569763978,2.0,81.06463622687812,2.9134985394138373,20.0,0,0.0,0.5568649582408428,0.35673822980000003,70.83333333333333,1439.89,8.88000000000011,2.7258513333333334,1.1049126666666667
2022,Saudi Arabia,3,3,5,46.802119041962236,1.0671830893333334,2.1826430863,3.0,71.05006154759629,1.8993176525355269,24.333333333333332,0,0.8,0.4886337422248497,0.5164821514,36.38095238095238,1437.78,-3.3900000000001,1.6503659999999998,-0.2464713333333334
2022,Senegal,4,5,7,49.20184752278227,1.068682117875,1.02641405525,3.0,78.02902683643218,2.4781633995236896,28.0,1,0.4,0.49636026713303966,0.3619154,71.66666666666666,1584.38,22.700000000000045,2.257208,0.8069133333333334
2022,Serbia,3,5,8,49.059734449498706,1.030132654,2.432571446466667,3.6666666666666665,78.88976658584976,2.164083063767055,28.333333333333332,0,1.4,0.5010323355947912,0.6922593496,73.33333333333333,1563.62,16.23999999999978,3.2916440000000002,1.883858
2022,South Korea,4,5,8,50.032955895102404,0.9011487723499999,1.45824413075,4.5,80.92355376791413,2.8031185079217216,36.0,1,0.4,0.7787733494418692,0.4348228176799999,58.0,1530.3,23.059999999999945,2.7882960000000003,0.926314
2022,Spain,4,9,3,55.04580507498362,1.77615681435,1.502281847925,5.25,90.12170103395101,1.7863906678909713,42.0,1,1.6,0.511400842394288,0.79944315728,80.88888888888889,1715.22,10.470000000000027,3.4266333333333336,1.7314673333333332
2022,Switzerland,4,5,9,49.39904592582451,1.52262908875,1.2522667093750002,3.25,82.02725244139651,2.7888153528831494,29.0,1,1.2,0.6009265825365808,1.129951795,74.66666666666666,1635.92,-6.9099999999998545,2.1577646666666666,0.20290133333333335
2022,Tunisia,3,1,1,49.969417675183024,0.8034841496666666,0.8008619669,2.6666666666666665,75.26814830158641,2.3290387868399924,24.0,0,0.2,0.891000487923522,0.6417954700000001,59.166666666666664,1507.54,-4.5900000000001455,2.386036666666667,0.6835793333333335
2022,United States,4,3,4,50.763817893035046,0.9846344854,1.06467810375,3.75,82.76603235415833,2.2449620937631214,32.75,1,0.4,0.6934507158339295,0.55998760344,59.71428571428571,1627.48,-19.660000000000082,2.4258573333333335,1.0748360000000001
2022,Uruguay,3,2,2,47.98551362289289,1.0901779522000001,1.0331402232,4.333333333333333,78.30595879052227,2.1459820846926547,26.0,0,0.0,0.832060493659157,0.43818900832,66.61904761904762,1638.71,42.049999999999955,2.5949999999999998,0.5824813333333334
2022,Wales,3,1,6,51.35982602213659,0.7396602336666667,1.6573139707333333,2.3333333333333335,77.64686134329335,2.552994815202883,28.333333333333332,0,0.0,0.21884999812269318,0.1280896716,63.333333333333336,1569.82,-8.190000000000055,1.8674453333333332,0.1464380000000001
